,ID,word1,word2,PoS,Annotator 1,Annotator 2,Annotator 3,Annotator 4,Annotator 5,Annotator 6,Annotator 7,Annotator 8,Annotator 9,Annotator 10,Annotator 11,avg_anno
1073,1074,长,狭窄,adjectives,0,0,0,1,0,0,0,0,0,0,2,0.27
1062,1063,内疚,羞愧,adjectives,2,6,6,5,4,5,3,3,5,4,5,4.36
1138,1139,暴力,被动,adjectives,0,0,0,0,0,0,0,0,0,0,0,0
1064,1065,闷,平庸,adjectives,0,0,0,0,2,3,2,0,0,1,2,0.91
1171,1172,害羞,昂贵,adjectives,0,0,0,0,0,0,0,0,0,0,0,0
1255,1256,不同,正常,adjectives,0,0,0,0,0,0,0,0,0,0,0,0
1077,1078,自豪,傲慢,adjectives,5,2,2,3,2,4,0,3,5,4,2,2.91
1051,1052,愉快,快乐,adjectives,3,6,6,5,4,5,4,5,6,4,6,4.91
1094,1095,粗糙,无礼,adjectives,0,0,0,2,2,1,0,0,0,0,0,0.45
1251,1252,坚硬,密度大,adjectives,0,5,6,3,1,4,0,2,3,4,0,2.55
1058,1059,无实体,心灵,adjectives,0,0,4,3,2,6,3,4,4,1,2,2.64
1276,1277,开心,高兴,adjectives,6,6,5,5,5,5,6,6,6,5,6,5.55
1195,1196,开心,疯狂,adjectives,0,0,0,3,0,4,2,0,0,1,0,0.91
1141,1142,合法,允许,adjectives,3,3,1,3,3,4,0,4,3,2,2,2.55
1227,1228,和蔼,残酷,adjectives,0,0,0,0,0,0,0,0,0,0,0,0
1108,1109,胆大,自豪,adjectives,0,0,0,1,0,3,0,0,0,2,2,0.73
1156,1157,坏,平庸,adjectives,0,0,0,1,0,0,0,0,0,0,0,0.09
1102,1103,煮熟的,水煮,adjectives,0,5,5,3,2,3,3,3,1,1,2,2.55
1082,1083,残忍,不公平,adjectives,0,0,0,1,0,2,0,0,0,0,2,0.45
1267,1268,不需要,必须,adjectives,0,0,0,2,0,0,0,0,0,0,0,0.18
1223,1224,沈闷,枯燥,adjectives,0,6,6,4,4,5,4,5,5,1,3,3.91
1248,1249,自由,无辜,adjectives,0,0,0,1,0,0,0,0,0,0,0,0.09
1158,1159,善良,大方,adjectives,2,0,4,4,3,1,0,3,3,1,1,2
1265,1266,弱,辣,adjectives,0,0,0,0,0,0,0,0,0,0,0,0
1137,1138,兴奋,受惊,adjectives,0,5,0,1,0,0,0,0,0,0,0,0.55
1238,1239,无知,频繁,adjectives,0,0,0,1,0,0,0,0,0,0,0,0.09
1174,1175,怪诞,奇怪,adjectives,4,6,5,5,4,6,4,3,5,3,6,4.64
1113,1114,人造,假,adjectives,4,1,2,3,2,4,3,5,2,3,4,3
1278,1279,电动,甜,adjectives,0,0,0,0,0,0,0,0,0,0,0,0
1199,1200,婚外,不可說出口的,adjectives,0,0,0,3,0,6,0,3,3,3,1,1.73
1203,1204,笨,傻,adjectives,5,6,5,5,5,5,6,6,6,4,5,5.27
1284,1285,个人,私人,adjectives,4,4,6,6,3,4,3,5,5,4,3,4.27
1180,1181,瘦,苗条,adjectives,4,6,6,5,3,5,3,5,5,2,5,4.45
1194,1195,奇怪,古怪,adjectives,6,5,5,5,6,6,5,5,6,6,5,5.45
1153,1154,灵活,松动,adjectives,0,1,4,3,3,2,0,3,2,1,1,1.82
1185,1186,强大,强大,adjectives,5,3,5,4,4,5,5,5,4,4,4,4.36
1266,1267,大,柔韧,adjectives,0,0,0,1,0,0,0,0,0,2,0,0.27
1085,1086,脆弱,简单,adjectives,0,0,0,2,0,0,0,0,0,0,0,0.18
1230,1231,粘人,缺乏信心,adjectives,0,0,0,0,0,0,0,0,0,1,0,0.09
1220,1221,显著的,明显,adjectives,0,0,6,5,5,6,4,5,4,5,6,4.18
1163,1164,暴力,柔软,adjectives,0,0,0,0,0,0,0,0,0,0,0,0
1256,1257,害怕,急,adjectives,0,0,0,1,0,0,0,0,0,1,0,0.18
1121,1122,非法,不道德,adjectives,0,3,1,3,3,4,2,3,1,2,2,2.18
1268,1269,严酷,残酷,adjectives,1,6,5,5,4,6,5,3,4,4,4,4.27
1125,1126,粗糙,丑陋,adjectives,0,0,1,3,1,0,0,0,0,0,0,0.45
1134,1135,难以置信,普通,adjectives,0,0,0,0,0,0,0,0,0,0,0,0
1236,1237,尖,平滑,adjectives,0,0,0,2,0,0,0,0,0,0,0,0.18
1224,1225,容易,灵活,adjectives,0,0,2,1,0,2,0,0,0,0,0,0.45
1206,1207,满载,沉重,adjectives,0,3,0,1,1,0,0,0,0,1,2,0.73
1218,1219,轻松,强调,adjectives,0,0,0,0,0,0,0,0,0,0,0,0
1126,1127,中性,未拿定主意,adjectives,0,0,0,0,0,3,0,0,0,4,0,0.64
1166,1167,闻名,国民,adjectives,0,0,0,0,0,0,0,0,0,0,0,0
1055,1056,乱,清洁,adjectives,0,0,0,0,0,0,0,0,0,0,1,0.09
1288,1289,新,新鲜,adjectives,3,4,5,4,4,5,5,6,3,4,1,4
1285,1286,孩子气,傻,adjectives,3,1,5,3,4,5,2,3,2,2,2,2.91
1111,1112,愉快,精彩,adjectives,4,3,4,3,2,3,0,3,2,1,3,2.55
1127,1128,旧,杂,adjectives,0,0,0,0,0,0,0,0,0,0,0,0
1209,1210,羞耻,心烦,adjectives,0,2,0,1,0,0,0,0,0,0,0,0.27
1088,1089,普通,冷,adjectives,0,0,0,0,0,0,0,0,0,0,0,0
1172,1173,生病,疯,adjectives,0,3,0,1,0,6,0,0,0,0,0,0.91
1216,1217,每月,每周,adjectives,2,2,0,3,3,3,0,1,0,2,2,1.64
1876,1877,仁慈地,温和地,adverbs,5,5,5,4,2,5,2,3,3,0,3,3.36
1816,1817,不同的,奇怪地,adverbs,0,2,0,1,0,1,0,0,0,0,0,0.36
1857,1858,和平地,混乱,adverbs,0,0,0,0,0,0,0,0,0,0,0,0
1765,1766,好心地,仁慈地,adverbs,5,6,6,5,4,5,4,3,5,3,5,4.64
1873,1874,显然,不显眼地,adverbs,0,0,0,2,0,2,0,0,0,0,0,0.36
1832,1833,大声地,微妙地,adverbs,0,0,0,0,0,0,0,0,0,0,0,0
1803,1804,异常,奇怪地,adverbs,4,2,5,4,5,6,4,2,3,1,5,3.73
1773,1774,谨慎地,有礼貌地,adverbs,0,2,1,2,0,2,0,0,0,0,0,0.64
1769,1770,异常地,一般,adverbs,0,0,0,0,0,0,0,0,0,0,0,0
1886,1887,在家里,在别处,adverbs,0,0,0,2,0,2,0,0,0,0,0,0.36
1841,1842,理想地,实际地,adverbs,0,0,0,1,0,1,0,0,0,0,0,0.18
1788,1789,通常,日常,adverbs,4,0,2,3,2,3,5,5,5,3,3,3.18
1771,1772,准确地,积极地,adverbs,0,3,0,1,2,1,0,0,0,0,0,0.64
1783,1784,今天晚上,今天,adverbs,0,2,4,4,2,4,3,3,3,0,1,2.36
1844,1845,两次,总是,adverbs,0,0,0,0,0,0,0,0,0,0,0,0
1790,1791,最近,现实地,adverbs,0,0,0,0,0,0,0,0,0,0,0,0
1869,1870,粗糙地,大致,adverbs,0,0,2,1,1,1,0,0,5,0,0,0.91
1795,1796,死气沉沉的,高高兴兴地,adverbs,0,0,0,2,0,2,0,0,0,0,0,0.36
1827,1828,稍微地,大致,adverbs,3,0,4,2,0,2,4,3,2,1,1,2
1799,1800,大致地,容易地,adverbs,0,0,0,0,0,0,0,0,0,0,0,0
1807,1808,准确地,精确地,adverbs,6,6,6,6,5,6,6,5,4,4,6,5.45
1850,1851,两次,多,adverbs,0,0,0,0,0,2,0,0,0,0,0,0.18
1786,1787,紧紧地,难以置信地,adverbs,0,0,0,0,0,0,0,0,0,0,0,0
1852,1853,有时,每当,adverbs,0,0,0,2,0,4,0,0,0,0,0,0.55
1824,1825,极其,非常,adverbs,4,6,6,4,4,4,5,6,6,1,4,4.55
1831,1832,看来,显然,adverbs,0,3,4,0,1,5,1,2,3,1,1,1.91
1798,1799,紧张地,焦急地,adverbs,5,6,5,5,3,5,2,4,4,1,2,3.82
1833,1834,通常,很少地,adverbs,0,0,0,0,0,4,0,0,0,0,0,0.36
1768,1769,有意义地,特别,adverbs,0,5,4,5,4,5,4,3,3,0,0,3
1794,1795,重要地,真实地,adverbs,0,0,0,0,0,0,0,0,0,0,0,0
1814,1815,自豪的,谦逊地,adverbs,0,1,0,2,0,2,0,0,0,0,0,0.45
625,626,香芹,松饼,nouns,0,0,0,0,0,0,0,0,0,0,0,0
889,890,女儿,孩子,nouns,2,3,4,3,3,5,2,3,5,1,1,2.91
515,516,闪电攻击,攻击,nouns,5,6,5,3,3,1,3,3,5,2,2,3.45
31,32,战斗,好斗,nouns,5,4,1,5,2,4,2,5,3,1,1,3
577,578,作曲家,作家,nouns,5,0,2,0,2,3,3,3,5,4,1,2.55
216,217,主机板,主板,nouns,0,6,6,2,3,2,0,6,4,4,3,3.27
876,877,船,车,nouns,0,1,0,1,0,0,0,0,0,1,1,0.36
952,953,无穷,零,nouns,0,0,0,0,0,0,0,0,0,0,0,0
404,405,床,家俱,nouns,1,4,5,3,3,5,3,5,4,3,3,3.55
834,835,诗,韵律,nouns,0,0,0,0,0,1,0,0,0,0,3,0.36
597,598,肚子,卧室,nouns,0,0,0,0,0,0,0,0,0,0,0,0
361,362,岩浆,火山,nouns,0,3,0,2,0,0,0,5,4,2,1,1.55
315,316,碗,尾巴,nouns,0,0,0,0,0,0,0,0,0,0,0,0
569,570,奖学金,学费,nouns,0,1,0,1,0,5,0,0,0,1,0,0.73
723,724,政治家,总统,nouns,3,3,5,1,3,5,0,3,5,2,4,3.09
807,808,泡,肥皂泡沫,nouns,5,4,5,3,4,4,3,3,5,1,4,3.73
369,370,节奏,旋律,nouns,5,3,6,4,2,5,2,6,3,3,1,3.64
1001,1002,校园,大学,nouns,3,2,4,3,4,5,0,2,3,2,3,2.82
417,418,锡,金属,nouns,3,4,5,4,2,4,0,3,2,1,2,2.73
403,404,草,刀口,nouns,0,0,0,0,0,0,0,0,0,0,0,0
858,859,多面体,演员,nouns,0,0,0,0,0,0,0,0,0,0,0,0
976,977,日期,日历,nouns,0,4,5,4,2,5,0,3,2,2,3,2.73
781,782,门,走廊,nouns,0,0,0,1,0,1,0,0,0,0,2,0.36
9,10,皇帝,宪法,nouns,0,0,0,0,0,0,0,0,0,1,0,0.09
865,866,丰富,许多,nouns,5,3,5,4,2,5,4,5,5,4,4,4.18
882,883,原木,沐浴,nouns,0,0,0,0,0,0,0,0,0,0,0,0
603,604,雨,薄雾,nouns,0,3,0,1,0,4,0,0,0,1,0,0.82
686,687,苹果,柠檬,nouns,0,0,0,1,0,0,0,0,0,0,1,0.18
109,110,幸福,悲伤,nouns,0,0,0,0,0,0,0,0,0,0,0,0
701,702,走道,大厅,nouns,0,0,0,0,0,1,0,0,0,0,1,0.18
985,986,红酒,酒,nouns,4,5,5,5,3,6,3,3,3,2,5,4
445,446,导演,摄影,nouns,3,2,0,0,1,3,0,0,1,1,2,1.18
576,577,老鹰,猎鹰,nouns,3,6,4,5,2,3,0,3,0,4,5,3.18
482,483,周末,种族,nouns,0,0,0,0,0,0,0,0,0,0,0,0
440,441,书,圣经,nouns,0,3,4,3,3,3,0,3,3,3,1,2.36
277,278,财富,名誉,nouns,0,3,1,3,2,2,0,0,0,0,0,1
391,392,尾巴,后部,nouns,3,3,2,3,3,5,0,5,5,2,1,2.91
821,822,手臂,骨头,nouns,0,0,0,0,2,2,0,0,0,0,1,0.45
273,274,海滩,暗礁,nouns,0,2,0,0,0,0,0,0,0,0,0,0.18
93,94,过道,走廊,nouns,5,4,6,5,4,3,5,5,5,1,4,4.27
476,477,薄荷,博物馆,nouns,0,0,0,0,0,0,0,0,0,0,0,0
365,366,游戏,乐趣,nouns,0,1,0,0,0,2,0,0,0,2,0,0.45
479,480,枪,大炮,nouns,2,3,0,3,2,5,0,2,0,1,1,1.73
366,367,深度,大小,nouns,0,1,2,1,0,4,0,0,0,1,0,0.82
80,81,作者,创造者,nouns,6,3,5,4,6,3,3,5,3,4,2,4
849,850,合金,钢,nouns,3,5,5,2,3,4,3,3,5,5,4,3.82
622,623,威士忌酒,杜松子酒,nouns,0,2,0,1,2,5,0,3,2,0,3,1.64
668,669,罐,瓶子,nouns,5,5,2,0,2,3,0,3,5,0,3,2.55
854,855,报纸,资料,nouns,0,2,3,2,3,2,3,0,0,2,2,1.73
1000,1001,航空,飞行,nouns,4,4,5,4,3,5,0,0,0,4,4,3
489,490,汽车,软管,nouns,0,0,0,0,0,1,0,0,0,0,0,0.09
884,885,募捐,发展,nouns,0,1,0,0,0,0,0,0,0,0,0,0.09
667,668,房间,大厦,nouns,0,0,0,1,0,1,0,0,0,0,0,0.18
334,335,树枝,手臂,nouns,0,0,0,0,0,1,0,0,0,0,0,0.09
102,103,法庭,正义,nouns,0,0,0,0,0,6,0,0,0,3,1,0.91
144,145,女孩,小孩,nouns,0,3,4,4,3,5,2,5,3,1,2,2.91
764,765,雪,风暴,nouns,0,2,2,1,0,1,0,0,0,2,1,0.82
939,940,音乐,旋律,nouns,4,5,0,4,4,5,3,3,5,4,3,3.64
244,245,公主,饼干,nouns,0,0,0,0,0,0,0,0,0,0,0,0
462,463,任务,女人,nouns,0,0,0,0,0,0,0,0,0,0,0,0
638,639,猫,狮子,nouns,0,0,0,2,0,5,0,0,0,1,2,0.91
385,386,电影,剧院,nouns,4,5,0,2,2,4,0,0,0,3,1,1.91
388,389,态度,自信,nouns,2,0,0,1,1,3,2,3,0,1,1,1.27
343,344,老师,教练,nouns,0,3,3,3,2,5,0,3,2,3,1,2.27
611,612,续集,相机,nouns,0,0,0,0,0,1,0,0,0,0,0,0.09
416,417,意外,书,nouns,0,0,0,0,0,0,0,0,0,0,0,0
221,222,文章,杂志,nouns,0,3,0,3,3,4,2,3,3,1,1,2.09
511,512,母鸡,火鸡,nouns,0,3,3,4,2,3,0,4,3,0,3,2.27
935,936,缺席,在场,nouns,0,0,0,1,0,0,0,0,0,0,1,0.18
657,658,客串角色,性能,nouns,0,0,0,1,0,0,0,0,0,0,0,0.09
588,589,便士,便宜货,nouns,0,0,0,0,0,1,0,0,0,0,0,0.09
702,703,床,医院,nouns,0,0,0,2,0,1,0,0,0,0,2,0.45
119,120,牛,山羊,nouns,0,2,0,0,0,1,0,0,0,1,1,0.45
298,299,血液,骨髓,nouns,0,1,0,0,0,3,0,0,0,0,0,0.36
113,114,足球,英式足球,nouns,3,6,5,5,5,6,5,3,3,1,5,4.27
1039,1040,尖顶,教堂,nouns,0,0,0,0,0,4,0,0,0,0,4,0.73
971,972,木,原木,nouns,6,3,5,4,5,6,3,3,5,1,5,4.18
74,75,车,高速公路,nouns,0,1,0,0,0,0,0,0,0,0,0,0.09
85,86,章,选择,nouns,0,0,1,0,0,0,0,0,0,0,0,0.09
233,234,幸福,和平,nouns,2,2,3,3,2,6,0,3,1,2,1,2.27
654,655,喷嘴,流体,nouns,0,0,0,0,0,0,0,0,0,0,0,0
393,394,洞,协议,nouns,0,0,0,0,0,0,0,0,0,0,0,0
908,909,踝,窗口,nouns,0,0,0,0,0,0,0,0,0,0,0,0
598,599,早餐,培根,nouns,0,0,0,1,2,1,0,0,0,1,0,0.45
604,605,小说,作家,nouns,0,0,0,0,0,1,0,0,0,0,0,0.09
535,536,病人,复诊,nouns,0,0,0,0,0,2,0,0,0,2,0,0.36
419,420,大灾变,火,nouns,0,0,0,1,0,5,0,0,0,1,2,0.82
986,987,冠军,优胜者,nouns,6,5,6,6,5,5,6,5,5,6,6,5.55
1007,1008,侵略,敌意,nouns,3,1,2,0,2,5,0,0,2,1,2,1.64
787,788,协议,条件,nouns,0,3,4,3,2,5,0,1,2,2,3,2.27
45,46,滑雪板,滑雪,nouns,0,2,1,3,3,5,0,0,0,1,1,1.45
422,423,工作者,雇主,nouns,0,0,0,2,0,1,0,0,0,0,0,0.27
454,455,蔗糖,糖类,nouns,0,6,5,4,2,4,3,3,5,4,1,3.36
692,693,洗手间,厨房,nouns,0,0,0,0,0,2,0,0,0,0,0,0.18
828,829,帮手,女仆,nouns,3,4,4,3,1,2,2,2,5,1,1,2.55
384,385,士兵,和平,nouns,0,0,0,1,0,0,0,0,0,0,0,0.09
191,192,感觉,直觉,nouns,5,4,5,3,2,6,3,3,4,5,5,4.09
182,183,子程序,编译器,nouns,0,0,0,3,1,4,0,0,0,0,0,0.73
294,295,洞,妻子,nouns,0,0,0,1,0,6,0,0,0,0,0,0.64
894,895,狗,马,nouns,0,1,0,1,0,4,0,0,0,1,2,0.82
770,771,乐队,管弦乐队,nouns,3,6,5,5,2,5,3,3,4,3,4,3.91
372,373,衣服,外套,nouns,4,4,5,4,4,0,3,3,3,3,3,3.27
457,458,荣誉,敬重,nouns,0,0,0,0,0,4,0,0,0,3,0,0.64
346,347,谷,凹地,nouns,0,0,6,3,0,5,0,5,3,2,3,2.45
87,88,课程,肚子,nouns,0,0,0,0,0,0,0,0,0,0,0,0
670,671,天神,魔鬼,nouns,0,0,0,1,0,0,0,0,0,0,0,0.09
762,763,身体,脊柱,nouns,0,0,3,0,2,1,2,1,4,1,1,1.36
453,454,规则,惯例,nouns,4,1,4,3,3,2,2,2,3,2,2,2.55
296,297,苍蝇,蚂蚁,nouns,0,3,0,2,0,1,0,0,0,0,1,0.64
18,19,骨头,牙齿,nouns,0,0,3,1,1,0,0,0,0,1,1,0.64
924,925,力量,能力,nouns,4,1,3,4,3,5,2,3,3,1,3,2.91
333,334,床,毯子,nouns,0,0,0,1,0,0,0,0,0,0,0,0.09
321,322,便条,作业,nouns,0,0,0,0,0,5,0,0,0,0,0,0.45
957,958,汽车,货车,nouns,4,4,0,3,2,4,3,3,5,1,2,2.82
498,499,身体,胸部,nouns,0,0,4,3,2,2,3,2,2,1,3,2
136,137,商业,工业,nouns,0,3,0,1,4,0,0,0,0,1,1,0.91
112,113,肾,器官,nouns,3,5,5,5,4,6,5,3,3,4,5,4.36
256,257,晚上,章节,nouns,0,0,0,0,0,0,0,0,0,0,0,0
683,684,大麻,草药,nouns,2,1,5,3,3,4,2,2,3,1,3,2.64
448,449,重新安葬,坟墓,nouns,0,1,0,1,2,2,0,0,0,1,0,0.64
348,349,人,一分钱,nouns,0,0,0,0,0,0,0,0,0,0,0,0
934,935,恶意软件,蠕虫,nouns,3,0,4,0,3,0,0,0,0,0,0,0.91
151,152,人物,人,nouns,0,5,5,4,6,3,4,6,5,5,4,4.27
40,41,爆玉米花,电影,nouns,0,0,0,1,0,3,0,0,0,1,0,0.45
517,518,蝴蝶,玫瑰,nouns,0,0,0,0,0,6,0,0,0,0,0,0.55
232,233,自行车,卧室,nouns,0,0,0,0,0,0,0,0,0,0,0,0
133,134,鸵鸟,果园,nouns,0,0,0,0,0,0,0,0,0,0,0,0
14,15,蜥蜴,鳄鱼,nouns,0,3,0,1,0,0,0,0,0,0,1,0.45
100,101,河流,大海,nouns,4,3,1,2,3,4,0,1,2,1,2,2.09
322,323,领导,经理,nouns,0,3,3,2,2,1,3,3,2,2,1,2
130,131,容器,老鼠,nouns,0,0,0,0,0,0,0,0,0,0,0,0
255,256,司机,飞行员,nouns,0,2,2,1,4,5,0,0,0,2,0,1.45
504,505,检察官,律师,nouns,3,3,4,1,1,3,0,0,1,0,1,1.55
358,359,眉头,眼睛,nouns,0,0,0,1,2,1,0,0,0,2,0,0.55
207,208,米,码,nouns,0,0,2,3,6,5,0,3,3,1,2,2.27
379,380,队长,水手,nouns,0,0,0,0,1,0,0,0,0,0,0,0.09
203,204,工人,机械师,nouns,2,3,4,1,3,3,0,3,3,3,1,2.36
961,962,首词,句法,nouns,0,0,0,2,0,0,0,0,0,1,2,0.45
285,286,海军,军队,nouns,4,5,5,2,2,5,4,3,6,2,4,3.82
17,18,车,出租车,nouns,3,4,5,4,2,2,4,3,3,3,5,3.45
370,371,公式,日志,nouns,0,0,0,0,0,0,0,0,0,0,0,0
458,459,飞机,机场,nouns,0,3,0,1,1,4,0,0,0,1,2,1.09
525,526,云,薄雾,nouns,3,1,3,3,3,4,2,2,5,4,2,2.91
350,351,密码,标志,nouns,0,0,0,0,0,1,0,0,0,0,0,0.09
751,752,手臂,脖子,nouns,0,0,0,1,0,0,0,0,0,0,1,0.18
320,321,词,页,nouns,0,0,0,0,0,0,0,0,0,0,0,0
206,207,航空电子学,航空学,nouns,0,4,4,4,3,4,3,2,3,3,4,3.09
406,407,飞机场,片,nouns,0,0,0,0,0,0,0,0,0,0,0,0
521,522,历史学家,史学家,nouns,5,6,6,5,6,5,6,6,4,6,6,5.55
648,649,篱笆,跳跃,nouns,0,0,0,0,0,0,0,0,0,0,0,0
797,798,后世,炼狱,nouns,0,0,0,1,0,0,0,0,0,0,0,0.09
503,504,电动机,发动机,nouns,0,3,2,4,2,3,3,3,3,2,2,2.45
48,49,猫,兔子,nouns,0,2,2,0,1,1,0,0,0,0,0,0.55
786,787,蜜蜂,蚂蚁,nouns,0,1,0,1,0,1,0,0,0,0,2,0.45
26,27,暴民,人群,nouns,0,0,1,1,2,2,2,0,0,0,2,0.91
574,575,烟草,香烟,nouns,4,6,5,4,4,5,6,5,5,5,4,4.82
211,212,花,灌木,nouns,0,2,0,2,0,2,0,0,0,1,0,0.64
50,51,徽章,玻璃,nouns,0,0,0,1,0,0,0,0,0,0,0,0.09
373,374,鼻子,嘴巴,nouns,0,0,0,1,0,0,0,0,0,0,0,0.09
25,26,环球航行,行李,nouns,0,0,0,0,0,0,0,0,0,0,0,0
513,514,智力,洞察力,nouns,4,1,0,3,3,2,2,2,5,1,3,2.36
4,5,手,脚,nouns,0,2,2,0,0,0,0,0,0,0,1,0.45
262,263,风尚,时装,nouns,5,4,2,3,0,2,0,3,3,3,2,2.45
463,464,证明,事实,nouns,0,0,0,1,4,4,0,0,0,0,0,0.82
49,50,生物学家,显微镜,nouns,0,0,0,0,0,1,0,0,0,1,0,0.18
284,285,仆人,奴隶,nouns,3,4,2,2,4,4,3,5,3,4,3,3.36
695,696,肌肉,舌头,nouns,1,1,0,1,0,1,0,0,0,0,0,0.36
937,938,数学家,节目,nouns,0,0,0,0,0,0,0,0,0,0,0,0
960,961,代码,符号,nouns,0,3,5,3,3,4,2,4,5,2,1,2.91
146,147,乳制品,蜜糖,nouns,0,0,0,0,0,3,0,0,0,0,1,0.36
247,248,雪,冰,nouns,0,3,4,4,6,4,0,3,0,1,3,2.55
516,517,酒,白兰地酒,nouns,3,5,5,5,2,5,3,3,3,1,5,3.64
452,453,价值观,信念,nouns,0,2,6,3,4,5,5,5,3,3,3,3.55
712,713,雪,天气,nouns,0,1,0,2,2,4,0,3,3,1,3,1.73
572,573,手指,手掌,nouns,0,0,0,3,2,3,0,3,5,1,3,1.82
278,279,价值,价格,nouns,4,3,3,3,4,6,4,5,3,3,3,3.73
108,109,秒,分钟,nouns,3,1,0,3,6,2,0,3,2,2,1,2.09
475,476,一分钱,尺寸,nouns,0,0,0,0,0,0,0,0,0,0,0,0
195,196,逻辑,算术,nouns,0,0,4,2,4,3,0,3,3,1,3,2.09
548,549,牛,家牛,nouns,4,6,5,3,3,3,3,3,3,3,3,3.55
754,755,人群,束,nouns,0,0,0,0,0,0,0,0,0,0,0,0
442,443,云,窗口,nouns,0,0,0,0,0,0,0,0,0,0,0,0
209,210,大主教,主教,nouns,5,5,5,3,4,4,5,3,3,5,5,4.27
940,941,世纪,年,nouns,2,2,1,1,6,3,0,1,3,1,2,2
22,23,行动,课程,nouns,0,0,1,0,0,2,0,0,0,1,0,0.36
186,187,身体,肚子,nouns,0,0,0,2,2,4,0,3,3,3,2,1.73
215,216,暴风雨,飓风,nouns,5,2,4,3,2,4,0,1,3,2,3,2.64
1002,1003,指甲,手,nouns,0,1,0,0,1,2,0,0,0,0,2,0.55
235,236,衣服,壁橱,nouns,0,2,0,1,3,0,0,0,0,0,0,0.55
292,293,男孩,孩子,nouns,2,3,5,3,2,6,4,3,3,3,3,3.36
427,428,大气层,臭氧,nouns,3,3,5,2,2,2,2,3,3,1,3,2.64
1004,1005,意见,主意,nouns,4,0,6,4,4,2,4,5,5,4,3,3.73
602,603,契约,协议,nouns,3,6,5,5,6,4,5,5,5,4,3,4.64
6,7,磁盘,电脑,nouns,0,2,1,0,0,0,1,0,0,1,1,0.55
148,149,晚餐,汤,nouns,0,0,0,0,1,4,0,0,0,0,0,0.45
318,319,水,盐,nouns,0,1,0,2,0,1,0,0,0,0,0,0.36
994,995,男人,嫌疑人,nouns,0,0,0,2,2,1,0,0,0,0,1,0.55
15,16,朋友,宾客,nouns,2,4,2,2,1,5,4,6,5,2,2,3.18
628,629,衣服,布料,nouns,2,0,2,0,2,0,0,1,5,2,2,1.45
61,62,家伙,帅哥,nouns,0,2,2,0,1,3,1,0,0,0,0,0.82
405,406,吉他,鼓,nouns,0,1,0,1,0,2,0,0,0,0,0,0.36
193,194,歌剧,电影,nouns,0,1,3,2,0,4,0,0,0,0,0,0.91
589,590,海军,岛,nouns,0,0,0,0,0,1,0,0,0,0,0,0.09
514,515,大自然,植物群,nouns,3,3,0,5,3,3,0,1,0,0,2,1.82
413,414,犯罪,违反,nouns,4,4,3,5,3,3,3,3,3,5,2,3.45
355,356,橡木,枫木,nouns,3,4,0,3,2,5,0,3,2,1,3,2.36
526,527,蝙蝠,吸血鬼,nouns,0,2,0,0,0,2,0,0,0,1,1,0.55
19,20,伞,暖炉,nouns,0,0,0,0,0,1,0,0,0,0,0,0.09
547,548,财富,声望,nouns,0,0,0,1,0,5,0,0,0,1,0,0.64
16,17,生日,日期,nouns,2,1,1,3,1,2,1,2,1,1,1,1.45
580,581,副驾驶,座舱,nouns,0,3,0,1,0,3,0,0,0,0,0,0.64
39,40,传感器,散热器,nouns,0,0,2,1,0,1,0,0,0,0,0,0.36
295,296,学校,年级,nouns,0,2,0,2,0,4,0,1,1,1,1,1.09
449,450,歌曲,演员,nouns,0,0,0,1,0,3,0,0,0,0,0,0.36
571,572,花朵,忍耐力,nouns,0,0,0,0,0,5,0,0,0,0,0,0.45
1015,1016,面包,小麦粉,nouns,0,2,0,4,1,2,0,3,3,1,3,1.73
816,817,昆虫,蜜蜂,nouns,3,4,5,4,2,0,3,5,5,1,1,3
623,624,喇叭,鼓,nouns,0,0,0,1,0,0,0,0,0,0,0,0.09
596,597,心情,情感,nouns,2,3,5,4,3,5,0,2,3,5,3,3.18
5,6,传记,小说,nouns,0,3,4,4,3,4,2,2,3,1,3,2.64
70,71,活塞,发动机,nouns,0,3,2,0,0,3,0,1,1,2,1,1.18
319,320,人口,人,nouns,0,2,5,3,3,4,0,3,2,4,2,2.55
336,337,飞机,喷气式飞机,nouns,0,5,5,3,6,6,3,3,2,2,4,3.55
188,189,容器,静脉,nouns,0,0,0,0,0,0,0,0,0,0,0,0
959,960,地板,甲板,nouns,1,3,0,3,3,1,2,4,5,1,3,2.36
746,747,南,北,nouns,0,0,0,1,0,0,0,0,0,0,1,0.18
374,375,纱,线,nouns,0,2,0,2,0,3,2,3,3,0,1,1.45
239,240,房间,单身牢房,nouns,1,1,4,1,6,4,0,3,1,1,3,2.27
286,287,下面,侧面,nouns,0,1,0,1,0,0,0,0,0,0,0,0.18
857,858,公司,企业,nouns,5,5,5,5,5,4,5,3,6,4,4,4.64
992,993,音节,词元,nouns,0,1,4,2,0,2,0,0,0,0,2,1
784,785,律师,画廊,nouns,0,0,0,0,0,0,0,0,0,0,0,0
789,790,男人,武士,nouns,0,0,0,0,1,1,2,0,0,0,2,0.55
864,865,城镇,城市,nouns,0,4,4,6,3,4,3,4,5,4,5,3.82
824,825,蛇,蜥蜴,nouns,0,2,0,1,0,5,0,0,0,0,2,0.91
1034,1035,地图,广场,nouns,0,0,0,2,0,0,0,0,0,0,1,0.27
567,568,锡,铝,nouns,0,2,0,1,0,0,0,0,0,5,0,0.73
451,452,水平,得分,nouns,0,0,0,0,3,4,0,0,0,1,0,0.73
799,800,门,门口,nouns,3,5,4,5,4,5,0,1,4,5,4,3.64
199,200,指甲,拇指,nouns,0,0,0,2,0,3,0,0,0,0,0,0.45
141,142,甲板,老鼠,nouns,0,0,0,0,0,0,0,0,0,0,0,0
436,437,大厦,雕塑家,nouns,0,0,0,0,0,0,0,0,0,0,0,0
766,767,单身牢房,锁起来,nouns,0,5,0,0,3,0,0,2,0,0,2,1.09
717,718,王冠,锁匙,nouns,0,0,0,0,0,0,0,0,0,0,0,0
326,327,电线,软线,nouns,0,0,1,2,2,4,2,0,1,0,1,1.18
408,409,图表,图解,nouns,3,3,3,3,2,2,4,5,2,5,3,3.18
951,952,成年人,监护人,nouns,0,1,4,3,4,5,0,3,5,2,2,2.64
1013,1014,翻译者,外国人,nouns,0,1,0,0,2,0,0,0,0,0,1,0.36
798,799,月亮,行星,nouns,4,6,3,4,3,5,0,2,0,1,2,2.73
946,947,歌谣,歌曲,nouns,4,5,4,3,2,4,3,3,2,1,3,3.09
682,683,钱包,袋,nouns,0,2,1,1,1,3,1,0,0,1,0,0.91
420,421,键盘,光,nouns,0,0,0,1,0,0,0,0,0,0,0,0.09
661,662,冬天,夏天,nouns,0,0,0,1,0,0,0,0,0,0,0,0.09
921,922,菜单,点菜,nouns,1,3,0,3,2,3,0,0,0,1,3,1.45
1049,1050,血液,肉,nouns,0,0,0,2,0,1,0,0,0,0,1,0.36
694,695,新娘,公主,nouns,0,0,0,0,1,0,0,0,0,1,0,0.18
402,403,任务,稻草,nouns,0,0,0,0,0,0,0,0,0,0,0,0
198,199,裁判官,法官,nouns,4,4,5,3,2,5,0,3,3,4,6,3.55
918,919,分界线,国境,nouns,4,2,2,4,1,6,3,2,4,3,4,3.18
397,398,书,正文,nouns,4,2,2,3,1,5,0,4,2,2,3,2.55
386,387,癌症,疾病,nouns,4,5,4,5,2,5,4,3,5,1,5,3.91
126,127,优雅,风格,nouns,0,2,4,3,2,0,2,2,3,1,1,1.82
89,90,星,明亮,nouns,0,0,0,2,0,0,0,0,0,1,0,0.27
1634,1635,失败,使气馁,verbs,5,2,4,3,5,3,0,4,5,1,1,3
1705,1706,掩盖,保护,verbs,0,0,3,4,2,4,0,0,0,0,0,1.18
1394,1395,偷,购买,verbs,0,0,0,2,0,2,0,0,2,0,0,0.55
1443,1444,说话,低语,verbs,2,5,4,3,3,3,4,3,3,1,2,3
1680,1681,提醒,忘记,verbs,0,0,0,2,0,2,0,0,0,0,0,0.36
1396,1397,问,求情,verbs,0,0,0,1,0,2,0,0,0,0,0,0.27
1454,1455,听,听见,verbs,5,6,6,5,5,5,3,3,4,1,4,4.27
1635,1636,侮辱,得罪,verbs,3,0,3,3,5,4,3,4,3,1,2,2.82
1696,1697,完成,毕业,verbs,3,0,1,2,1,4,3,3,5,1,3,2.36
1725,1726,玩,搏斗,verbs,0,1,0,1,1,1,0,0,0,0,0,0.36
1742,1743,搜索,看,verbs,0,0,2,1,0,1,4,1,2,1,0,1.09
1344,1345,告诉,提醒,verbs,3,3,4,4,4,3,0,3,3,1,4,2.91
1598,1599,攻击,加剧,verbs,0,0,0,2,0,2,0,0,0,0,0,0.36
1607,1608,接受,原谅,verbs,4,2,2,3,2,3,4,2,4,1,1,2.55
1697,1698,创建,做,verbs,0,0,0,1,2,1,0,2,3,0,0,0.82
1564,1565,戏弄,伤害,verbs,0,2,0,1,0,3,0,0,0,1,0,0.64
1330,1331,腐烂,毁灭,verbs,4,3,0,3,3,4,3,4,3,2,0,2.64
1339,1340,找到,消失,verbs,0,0,0,0,0,0,0,0,0,0,0,0
1463,1464,断绝亲子关系,疏忽,verbs,0,0,0,0,0,0,0,0,0,0,0,0
1591,1592,记得,想,verbs,0,0,0,0,0,4,0,0,0,0,0,0.36
1726,1727,接受,承认,verbs,4,2,6,4,1,4,5,5,3,1,1,3.27
1608,1609,给,偷,verbs,0,0,0,2,0,2,0,0,0,0,0,0.36
1352,1353,咬,搏斗,verbs,0,2,4,1,3,3,0,3,2,0,1,1.73
1640,1641,成功,失败,verbs,0,0,0,2,0,2,0,0,0,0,0,0.36
1353,1354,说谎,装作,verbs,4,4,3,3,5,0,0,1,3,1,1,2.27
1456,1457,聚集,收集,verbs,4,5,4,4,1,4,0,2,5,0,1,2.73
1387,1388,出席,到达,verbs,3,2,0,3,3,3,5,6,5,3,1,3.09
1487,1488,做,戒除,verbs,0,0,0,0,0,0,0,0,0,0,0,0
1300,1301,批评,讨厌,verbs,0,1,0,1,0,0,0,0,0,1,2,0.45
1573,1574,离开,参加,verbs,0,0,0,2,0,2,0,0,0,0,0,0.36
1690,1691,搜索,狩猎,verbs,0,0,0,2,1,3,2,0,0,0,0,0.73
1652,1653,逃跑,逃走,verbs,6,6,6,6,5,6,6,6,6,5,4,5.64
1617,1618,杀,防守,verbs,0,0,0,2,0,2,0,0,0,0,0,0.36
1713,1714,打,吸引,verbs,0,0,0,0,0,0,0,0,0,0,0,0
1317,1318,使心烦,受伤,verbs,0,0,0,1,0,0,0,0,0,0,0,0.09
1711,1712,讨论,说明,verbs,0,3,2,3,2,3,0,3,3,1,2,2
1517,1518,忽略,避免,verbs,0,0,0,0,0,0,0,0,0,0,0,0
1410,1411,使灰心,使气馁,verbs,5,6,6,3,5,3,5,6,5,5,3,4.73
1599,1600,追求,说服,verbs,0,0,0,1,0,1,0,0,0,0,0,0.18
1342,1343,离开,徘徊,verbs,0,0,0,0,0,1,0,0,0,0,0,0.09
1474,1475,羞辱,安慰,verbs,0,0,0,1,0,1,0,0,0,0,0,0.18
1296,1297,停,驾驶,verbs,0,0,0,1,0,0,0,0,0,0,0,0.09
1665,1666,傻笑,大笑,verbs,5,3,4,4,4,4,0,3,3,1,3,3.09
1533,1534,允许,反驳,verbs,0,0,0,0,0,0,0,0,0,0,0,0
1408,1409,搜索,查询,verbs,4,6,5,4,3,4,4,5,4,3,1,3.91
1379,1380,离开,忽略,verbs,0,1,0,0,0,3,0,0,0,0,0,0.36
1349,1350,分数,评分,verbs,4,1,0,3,4,5,4,5,3,1,2,2.91
1374,1375,分析,评估,verbs,4,6,4,6,5,6,3,4,5,3,3,4.45
1586,1587,出席,争论,verbs,0,0,0,1,0,1,0,0,0,0,0,0.18
1633,1634,步行,站立,verbs,0,0,0,1,2,1,0,0,0,0,0,0.36
1423,1424,混合,溶解,verbs,0,1,1,2,0,2,0,0,0,0,0,0.55
1351,1352,收藏,保存,verbs,3,6,5,5,5,6,3,5,5,3,4,4.55
1414,1415,拿,交付,verbs,0,0,0,1,0,1,0,0,0,0,0,0.18
1590,1591,做,赚,verbs,0,0,0,2,0,2,0,0,0,0,0,0.36
1514,1515,捏,用拳猛击,verbs,0,0,0,2,0,2,0,0,0,0,0,0.36
1606,1607,放开,按下,verbs,0,0,0,0,0,0,0,0,0,0,0,0
1404,1405,担心,浪费,verbs,0,0,0,0,0,0,0,0,0,0,0,0
1489,1490,知道,理解,verbs,5,4,5,4,4,4,5,2,4,3,2,3.82
1419,1420,选择,挑选,verbs,0,3,5,5,3,5,2,4,5,2,5,3.55
1309,1310,了解,原谅,verbs,0,0,0,1,2,2,0,2,0,0,0,0.64
1304,1305,借,乞求,verbs,0,0,3,5,3,0,1,0,0,0,0,1.09
1490,1491,拿,拥有,verbs,0,0,0,0,0,3,0,0,1,0,0,0.36
1681,1682,离开,留,verbs,0,0,0,0,0,2,0,0,0,0,0,0.18
1561,1562,到达,离开,verbs,0,0,0,0,0,3,0,0,0,0,0,0.27
1393,1394,创建,潜水,verbs,0,0,0,0,0,0,0,0,0,0,0,0
1739,1740,享受,娱乐,verbs,0,0,0,3,0,3,3,2,0,0,0,1
1737,1738,建议,劝告,verbs,0,0,3,5,3,5,3,2,4,5,2,2.91
1485,1486,编织,移动,verbs,0,0,0,0,0,0,0,0,0,0,0,0
1403,1404,运输,电梯,verbs,0,0,0,0,3,4,0,1,3,2,3,1.45
1723,1724,留,保留,verbs,5,6,1,4,2,4,5,3,5,3,2,3.64
1458,1459,同意,争论,verbs,0,0,0,2,0,2,0,0,0,0,0,0.36
1422,1423,选择,选举,verbs,3,3,4,1,2,5,0,4,5,1,2,2.73
1388,1389,假设,预测,verbs,5,5,4,5,5,5,5,5,5,4,5,4.82
1521,1522,欲望,想要,verbs,4,4,5,5,5,5,4,3,5,3,3,4.18
1357,1358,赦免,原谅,verbs,0,5,4,6,5,5,2,5,4,4,2,3.82
1511,1512,啜,大口地吃,verbs,0,0,0,1,0,1,0,0,2,0,0,0.36
1346,1347,驱逐,离开,verbs,3,6,0,3,1,2,1,3,2,1,4,2.36
1513,1514,坠落,伤害,verbs,0,0,0,0,2,4,0,0,0,0,0,0.55
1539,1540,成功,尝试,verbs,0,0,0,0,0,3,0,0,0,0,0,0.27
1627,1628,承诺,发誓,verbs,4,6,4,5,5,5,0,3,5,4,2,3.91
1430,1431,带来,抱怨,verbs,0,0,0,1,0,1,0,0,0,0,0,0.18
1457,1458,成长,增加,verbs,0,0,0,2,1,4,0,0,0,3,0,0.91
1499,1500,让,允许,verbs,4,3,4,4,4,4,5,3,2,2,3,3.45
1324,1325,敬礼,演出,verbs,0,0,0,0,0,0,0,0,0,0,0,0
1376,1377,聚集,见面,verbs,0,0,0,0,2,3,0,0,0,1,1,0.64
1358,1359,生活,生存,verbs,3,3,1,3,2,5,0,3,3,2,2,2.45
1390,1391,安排,组织,verbs,0,0,0,0,5,0,0,0,0,3,1,0.82
1745,1746,降低,减少,verbs,5,3,6,6,4,6,0,2,3,3,4,3.82
1741,1742,找到,逃逸,verbs,0,0,0,0,0,0,0,0,0,0,0,0
1674,1675,珍爱,保持,verbs,0,0,0,2,0,3,0,0,0,0,0,0.45
1501,1502,给,知道,verbs,0,0,0,0,0,0,0,0,0,0,0,0
1691,1692,装作,似乎,verbs,0,0,0,0,0,3,0,0,0,0,0,0.27
1636,1637,花费,节约,verbs,0,3,0,2,0,2,0,0,0,0,0,0.64
1363,1364,拖着脚走,骑,verbs,0,0,0,0,0,0,0,0,0,0,0,0
1356,1357,煮沸,炒,verbs,0,4,0,3,0,0,0,0,0,0,1,0.73
1550,1551,漂移,流,verbs,0,3,3,1,0,4,0,4,3,2,2,2
1579,1580,知道,相信,verbs,0,1,0,1,0,4,1,0,0,3,0,0.91
1618,1619,举起,提高,verbs,5,4,5,5,3,5,1,3,4,4,0,3.55
1754,1755,发射,发送,verbs,0,6,4,4,1,5,3,2,5,0,2,2.91
1431,1432,竞争,完成,verbs,0,0,0,0,0,0,0,0,0,0,0,0
1362,1363,抖动,搅拌,verbs,4,1,0,3,2,3,2,1,3,0,2,1.91
1714,1715,给,断绝亲子关系,verbs,0,0,0,0,0,0,0,0,0,0,0,0
1671,1672,参与,加入,verbs,4,4,6,4,4,4,5,5,5,3,2,4.18
1467,1468,走,发送,verbs,0,0,0,0,0,0,0,0,0,1,0,0.09
1391,1392,获得,偷,verbs,0,1,3,3,2,3,0,0,2,0,0,1.27
1377,1378,发光,照耀,verbs,4,6,4,5,4,5,3,2,3,3,2,3.73
1575,1576,提醒,卖,verbs,0,0,0,0,0,0,0,0,0,0,0,0
1727,1728,争论,叫喊,verbs,0,3,1,2,2,2,0,0,2,0,0,1.09
1614,1615,收到,接受,verbs,0,4,2,2,0,2,0,0,0,0,0,0.91
1526,1527,混合,联合,verbs,5,0,0,3,3,3,0,2,1,0,1,1.64
1537,1538,控制,停止,verbs,0,0,0,1,0,1,0,0,0,1,0,0.27
1594,1595,做,发生,verbs,0,0,0,0,0,0,0,0,0,0,0,0
1462,1463,离开,走开,verbs,5,3,5,5,3,5,3,6,5,2,3,4.09
1706,1707,读,理解,verbs,0,0,0,1,0,4,0,0,0,1,1,0.64
1700,1701,装作,想像,verbs,0,0,0,0,0,2,0,0,0,0,0,0.18
1318,1319,跟随,追逐,verbs,2,1,4,3,1,2,3,6,4,4,1,2.82
1730,1731,加,除,verbs,0,0,0,2,0,2,0,0,0,0,1,0.45
